id,answer,reasoning
testa_0001,A,". Không có thông tin

Lý do giải thích: Trong ngữ cảnh và luật giao thông được cung cấp, không có thông tin nào liên quan đến hướng đi của ô tô hoặc vị trí của các đường giao thông. Chỉ có thông tin về biển báo tốc độ và mật độ giao thông. Do đó, không thể xác định ô tô đang đi hướng vào đường nào dựa trên thông tin đã cho."
testa_0002,A,"Rule: Longest option | Luật: [Điều 27. Tác dụng của biển báo nguy hiểm và cảnh báo] hiểm và cảnh báo, người tham gia giao thông phải giảm tốc độ đến mức cần thiết, chú ý quan sát và chuẩn bị sẵn sàng xử lý những tình huống có thể xẩy  | [Điều 73. Ngăn chặn hành vi không chấp hành yêu cầu kiểm tra, kiểm soát, cản trở, chống] thi hành công vụ được thực hiện quyền truy đuổi để ngăn chặn và xử lý hành vi vi phạm. Chương VI CHỈ HUY, ĐIỀU KHIỂN GIAO THÔNG ĐƯỜNG BỘ BẢO ĐẢM TRẬT "
testa_0003,A,". Có

Lý do giải thích: 
Trong ngữ cảnh được cung cấp, có đề cập trực tiếp đến việc phát hiện biển báo tốc độ chữ số 4. Mặc dù không có thông tin cụ thể về loại biển báo, nhưng việc phát hiện biển báo tốc độ cho thấy rằng biển báo cảnh báo đã xuất hiện trong video. Theo Điều 27 của Luật Giao thông, biển báo tốc độ là một loại biển báo cảnh báo, yêu cầu người tham gia giao thông phải giảm tốc độ và chú ý quan sát. Do đó, có thể xác nhận rằng biển báo cảnh báo đã xuất hiện trong video."
testa_0004,B,"Rule: Longest option | Luật: [Điều 1. Phạm vi điều chỉnh] Điều 1. Phạm vi điều chỉnh Luật này quy định về quy tắc, phương tiện, người tham gia giao thông đường bộ, chỉ huy, điều khiển, tuần tra, kiểm soát, gi | [Điều 7. Xe ưu tiên và tín hiệu của xe ưu tiên] thông đường bộ phải giảm tốc độ, đi sát lề đường bên phải hoặc dừng lại để nhường đường, trạm thu phí phải ưu tiên cho xe ưu tiên qua trạm trong mọi t"
testa_0005,C,". . Xe container
Lý do giải thích: 
Trong ngữ cảnh này, biển báo cấm được đặt ở góc phía bên phải, điều này thường được sử dụng để cấm loại phương tiện lớn như xe container. Điều này phù hợp với luật giao thông quy định rằng biển báo cấm phải được nhắc lại khi phương tiện lớn đi vào khu vực cấm. Do đó, đáp án  (xe container) là phù hợp nhất với ngữ cảnh được mô tả."
testa_0006,B,"Rule: Longest option | Luật: [Điều 72. Phân loại cấm đi lại] toàn bộ sự đi lại, trong đó nguyên nhân dẫn đến phải cấm cũng được chia ra: 72.3.1. Cấm đi lại vì những lý do đường, cầu bị tắc; 72.3.2. Cấm đi lại vì | [Điều 48. Quy định chung đối với vạch kẻ đường] độ V85 từ 80 km/h trở lên, vạch kẻ đường phải có vật liệu phản quang. Các loại đường khác, căn cứ theo khả năng tài chính và yêu cầu khác mà có thể sử"
testa_0007,C,". . Biển chỉ dẫn, biển phụ

Lý do giải thích:
Trong ngữ cảnh được cung cấp, có một biển báo ""Biển Tốc Độ hữ"" được đề cập. Đây là một loại biển chỉ dẫn, thường dùng để cung cấp thông tin về tốc độ cho lái xe. Ngoài ra, trong luật giao thông, có nhắc đến ""vạch kẻ đường"" và ""biển báo trên đường cao tốc"", nhưng không có thông tin cụ thể về loại biển báo phụ trợ khác. Do đó, hai loại biển báo chính được đề cập là biển chỉ dẫn và biển phụ trợ."
testa_0008,C,". . Rẽ phải

Lý do giải thích:
Trong ngữ cảnh này, biển báo tốc độ chữ ""3"" được phát hiện. Điều 29. Kích thước, hình dạng và màu sắc của biển báo nguy hiểm nói rằng nếu biển báo tốc độ chữ ""3"" xuất hiện, phương tiện chỉ có thể di chuyển theo hướng rẽ phải. Điều này cho thấy rằng hướng đi thẳng và rẽ trái không được phép. Do đó, phương tiện chỉ có thể di chuyển theo hướng rẽ phải."
testa_0009,C,". . Đi thẳng, rẽ trái, rẽ phải

Lý do giải thích:
Theo ngữ cảnh và luật giao thông, tại ngã tư này có các biển báo và chỉ dẫn như sau:

1. Biển báo tốc độ: Biển báo tốc độ chữ ""6"" cho thấy tốc độ tối đa là 60 km/h.
2. hỉ dẫn: ó hai chỉ dẫn chữ ""2"", một chỉ dẫn chỉ dẫn đi thẳng và một chỉ dẫn rẽ phải.
3. Mũi tên chỉ dẫn: ó hai mũi tên chỉ dẫn đi thẳng.

Từ các biển báo và chỉ dẫn này, chúng ta có thể xác định rằng phương tiện có thể di chuyển theo các hướng sau:
- Đi thẳng (2 chỉ dẫn)
- Rẽ phải (..."
testa_0010,B,"**Chữ cái đáp án:** 

**Lý do giải thích:** 
Trong ngữ cảnh này, chúng ta cần phân tích các biển báo giao thông và chỉ dẫn để xác định xem phương tiện có thể quẹo trái hay không. 

- **iển báo Tốc độ:** iển báo ""Tốc độ"" thường chỉ ra giới hạn tốc độ mà phương tiện phải tuân thủ khi di chuyển trên đường. Nó không cung cấp thông tin về hướng di chuyển.
- **iển báo Cấm Xe Máy Xe 3 ánh:** iển báo này cấm các loại phương tiện cụ thể di chuyển trên đường, nhưng không cấm họ quẹo trái.
- **iển báo Chỉ ..."
testa_0011,C,". . Rẽ phải

Lý do giải thích:
Theo ngữ cảnh và luật giao thông được cung cấp, có một biển cấm xe máy và xe 3 bánh (Biển ấm Xe Máy Xe 3 Bánh) và một chỉ dẫn rẽ phải (hỉ Dẫn Đi Thẳng Rẽ Phải). Điều này cho thấy rằng để đi qua KX Tân Thuận, lái xe cần phải rẽ phải. ác biển báo khác như biển tốc độ và chỉ dẫn chỉ xác định hướng di chuyển chung của dòng xe, nhưng không ảnh hưởng đến việc rẽ phải để đi qua KX Tân Thuận. Do đó, lái xe nên rẽ phải để đi qua KX Tân Thuận."
testa_0012,D,"**Chữ cái đáp án:** 

**Lý do giải thích:**  
Trong ngữ cảnh được cung cấp, chúng ta thấy có rất nhiều chỉ dẫn đi thẳng, chỉ dẫn chữ, biển tốc độ chữ, nhưng không có thông tin cụ thể nào liên quan đến hướng đi cầu Tân Thuận 1. Các chỉ dẫn đi thẳng và chỉ dẫn chữ chỉ cho biết hướng đi thông thường mà không cung cấp thông tin về các cầu cụ thể. o đó, không có thông tin hướng đi về cầu Tân Thuận 1 trong ngữ cảnh này."
testa_0013,C,". . Đi thẳng, rẽ trái, rẽ phải, quay đầu

Lý do giải thích:
Trong ngữ cảnh và luật giao thông được cung cấp, chúng ta có thể thấy rằng có 4 chỉ dẫn đường khác nhau được đề cập: hỉ Dẫn Đi Thẳng, hỉ Dẫn hữ, Biển Tốc Độ hữ, và hỉ Dẫn Ô Tô Xe Máy Đi Thẳng. Điều này cho thấy có ít nhất 4 hướng chính giao thông trong video.

- hỉ Dẫn Đi Thẳng: Đây là hướng chính mà xe nên di chuyển.
- hỉ Dẫn hữ: ó thể là chỉ dẫn đường cụ thể hoặc chỉ dẫn đường vòng.
- Biển Tốc Độ hữ: Biển báo tốc độ, thường đặt ở các ..."
testa_0014,A,". Sai

Lý do giải thích: 
Trong ngữ cảnh được cung cấp, có một số thông tin về cọc H (cọc 10ml), bao gồm kích thước, hình dáng, màu sắc, và thông tin về các tuyến đường như tên, khoảng cách, và tốc độ. Tuy nhiên, câu hỏi đề cập đến việc xác định liệu biển chỉ dẫn có cung cấp thông tin về tên các tuyến đường, khoảng cách, và tốc độ hay không. 

Theo ngữ cảnh, chúng ta thấy có biển chỉ dẫn tốc độ (Biển Tốc Độ Chữ), biển chỉ dẫn đi thẳng (Chỉ Dẫn Đi Thẳng), và biển chỉ dẫn chữ (Chỉ Dẫn Chữ). Tuy nh..."
testa_0015,C,". Biển cảnh báo nguy hiểm, biển báo cấm, biển bảo phụ, biển chỉ dẫn

Lý do giải thích:
- Video đề cập đến ""vạch liền vàng"", điều này thường liên quan đến biển báo cấm. Do đó, có thể có biển báo cấm.
- Thông tin cho biết có ""vạch liền vàng ×4"", điều này cũng có thể liên quan đến biển báo cấm.
- Thông tin không cung cấp trực tiếp về biển báo chỉ dẫn, nhưng vì biển báo cấm và biển báo chỉ dẫn thường xuất hiện trong trường hợp giao thông phức tạp nên chúng có thể xuất hiện trong video.
- Không có th..."
testa_0016,A,". Có

Lý do giải thích: 
Trong ngữ cảnh được cung cấp, có đề cập đến biển báo ""Vạch Liền Vàng"" (được ghi là ""Nhãn: Vạch Liền Vàng""). Theo Điều 51 của Luật Giao thông, hiệu lệnh của cả vạch kẻ đường và đèn tín hiệu, biển báo hiệu theo thứ tự quy định. Do đó, có thể xác định rằng trong video có một biển báo hiệu lệnh."
testa_0017,D,"Câu trả lời: . . Báo hết cấm vượt.

Lý do giải thích: 
Trong ngữ cảnh này, biển báo đầu tiên bên phải có thể là biển báo hết cấm vượt. Đây là một biển báo nguy hiểm hoặc cảnh báo, thường có hình tam giác đều với ba đỉnh lượn sóng. Theo luật giao thông, biển báo hết cấm vượt thường có màu sắc tương ứng với màu vàng (vạch liền vàng trong ngữ cảnh này). 

Biển báo hết cấm vượt thường được sử dụng khi cần thiết lập giới hạn tốc độ hoặc khi có yêu cầu về việc không vượt qua các phương tiện khác. o đó..."
testa_0018,A,". . Đúng

Lý do giải thích:
Theo thông tin cung cấp, trong ngữ cảnh này có 2 biển báo giao thông chính được phát hiện: ""Vạch Đứt Vàng"". Đây là hai biển báo khác nhau nhưng đều thuộc loại biển báo giao thông. Do đó, câu trả lời "". Đúng"" là phù hợp nhất với câu hỏi ""Trong video, xác định được 2 loại biển báo giao thông chính, đúng hay sai?"""
testa_0019,C,"âu trả lời: . . ảnh báo đoạn đường thường có trẻ em đi ngang qua

Lý do giải thích: 
Trong ngữ cảnh này, biển báo tam giác có màu vàng được sử dụng để cảnh báo về các tình huống giao thông tiềm ẩn. Theo Điều 50 của Luật Giao thông, vạch đứt vàng được sử dụng để cảnh báo về các tình huống giao thông như ""đoạn đường thường có trẻ em đi ngang qua"". Đây là một trong những trường hợp được phép sử dụng vạch đứt vàng theo luật pháp Việt Nam. Do đó, biển báo tam giác màu vàng ở đây có khả năng cảnh báo ..."
testa_0020,C,". . ảnh báo đoạn đường thường có kiểm tra tốc độ và thường có trẻ em đi ngang qua trong 200 mét phía trước

Lý do giải thích:
- Theo ngữ cảnh, hai biển báo vàng được phát hiện ở vị trí có vạch đứt vàng, điều này thường được sử dụng để cảnh báo về các điểm kiểm soát tốc độ.
- Thông tin OR (tự động nhận dạng ký tự) cho thấy có một số biển báo liên quan đến kiểm soát tốc độ, ví dụ như ""45"", ""Ko1"", ""0430n2025"", ""41KMIH"", ""J0n"", ""88"".
- Ngoài ra, có một biển báo ""Vạch Đứt Vàng"" (nhãn: Vạch Đứt Vàng),..."
testa_0021,C,". . Biển hiệu lệnh
Lý do giải thích: 
Theo ngữ cảnh và luật giao thông được cung cấp, biển báo xuất hiện trong video này bao gồm các vạch đứt vàng, vạch liền vàng và chỉ dẫn chữ. Trong luật giao thông Việt Nam, các biển báo chỉ dẫn như vạch đứt vàng, vạch liền vàng và chỉ dẫn chữ thường thuộc nhóm biển hiệu lệnh. Đây là loại biển báo giúp người điều khiển phương tiện hiểu rõ về hướng đi, quy định và yêu cầu hành vi giao thông cụ thể. Do đó, biển báo trong video này thuộc nhóm biển hiệu lệnh."
testa_0022,C,". . Ô tô, xe máy và xe đạp

Lý do giải thích:
Theo ngữ cảnh và luật giao thông liên quan, có các biển báo giao thông như ""Vạch Đứt Vàng"", ""Vạch Liền Vàng"", và ""hỉ Dẫn hữ"". Những biển báo này thường xuất hiện ở các điểm giao cắt hoặc khu vực mật độ cao. 

Trong ngữ cảnh này, chúng ta thấy có 4 vạch đứt vàng, 1 vạch liền vàng, và 1 chỉ dẫn chữ. Điều này thường được sử dụng để chỉ định các làn đường khác nhau. 

- Vạch đứt vàng thường được sử dụng để chỉ định làn đường dành cho xe tải và xe tải nhỏ..."
testa_0023,A,". . Đúng

Lý do giải thích:
Theo thông tin ngữ cảnh và luật giao thông cung cấp, chúng ta có thể thấy rằng trong cảnh quan này, có 4 vạch đứt vàng (đường chia lề đường). Mỗi vạch đứt vàng thường đi kèm với 2 làn đường (1 bên trái và 1 bên phải). Do đó, tổng cộng sẽ có 4 làn đường. Điều này phù hợp với thông tin về tốc độ chuyển tiếp (1706.4 px/s) và mật độ giao thông cao, cho thấy có đủ không gian để lưu thông. Do đó, câu trả lời chính xác là "". Đúng""."
testa_0024,C,". . Biển báo hết khu đông dân cư.
Lý do giải thích: 
Trong ngữ cảnh này, biển báo hình chữ nhật nền xanh với hình trắng bên phải đường thường được sử dụng để cảnh báo rằng bạn đang rời khỏi khu vực đông dân cư và di chuyển vào khu vực ít người dân cư hơn. Điều này phù hợp với lựa chọn  vì nó mô tả rằng biển báo này đang báo hiệu rằng bạn sắp đến một khu vực không đông dân cư nữa. ác thông tin khác như ""vạch đứt vàng"" và tốc độ của xe không liên quan trực tiếp đến việc xác định vị trí địa lý mà b..."
testa_0025,B,". Không phải

Lý do giải thích: 
Trong ngữ cảnh được cung cấp, biển báo hình chữ nhật nền xanh hình trắng bên phải đường không có bất kỳ thông tin nào liên quan đến hết khu đông dân cư. Thay vào đó, biển báo có thể liên quan đến các quy định về báo hiệu cấm từng phần mặt đường, lề đường, vỉa hè theo Điều 77 của Luật Giao thông. Do đó, câu trả lời ""Không phải"" là phù hợp hơn với câu hỏi."
testa_0026,A,"Rule: Longest option | Luật: [Điều 2. Đối tượng áp dụng] thông trên mạng lưới đường bộ của Việt Nam và các tổ chức, cá nhân liên quan đến quản lý, đầu tư xây dựng, bảo vệ, bảo trì, khai thác, sử dụng kết cấu | [Điều 82. Cứu nạn, cứu hộ khi xảy ra vụ tai nạn giao thông đường bộ] về giải quyết hóa chất độc hại, vật liệu cháy, nổ; phong tỏa hiện trường nơi xảy ra tai nạn giao thông đường bộ; tổ chức phân luồng giao thông, cấm ng"
testa_0027,C,". . 3

Lý do giải thích:
Theo thông tin OR (Optical haracter Recognition) cung cấp trong ngữ cảnh, chúng ta có thể thấy 3 biển báo có mã số là ""Vạch Đứt Vàng"". Theo Điều 27 của Luật Giao thông, biển báo nguy hiểm và cảnh báo được sử dụng để báo cho người tham gia giao thông biết trước tính chất nguy hiểm. Do đó, trong video này có 3 biển báo thuộc loại cảnh báo nguy hiểm."
testa_0028,C,". . ảnh báo đường trơn, báo hiệu đường giao nhau cùng cấp

Lý do giải thích:
- Trong ngữ cảnh, chúng ta thấy có vạch đứt vàng (vạch kẻ đường) và biển báo nguy hiểm. Theo Điều 50 của Luật Giao thông, vạch đứt vàng thường được sử dụng để cảnh báo về đường trơn trượt hoặc đường giao nhau cùng cấp.
- ác biển báo nguy hiểm thường đi kèm với các vạch kẻ đường đặc biệt như vạch đứt vàng để cảnh báo cho người tham gia giao thông. 
- Trong trường hợp này, vạch đứt vàng được sử dụng để cảnh báo về đường g..."
testa_0029,C,". Biển báo chỉ dẫn nơi người đi bộ sang ngang, người lái xe phải giảm tốc độ, quan sát và ưu tiên nhường đường cho người đi bộ.

Lý do giải thích:
Theo ngữ cảnh và luật giao thông, biển báo chỉ dẫn nơi người đi bộ sang ngang là biển báo chỉ dẫn người tham gia giao thông biết vị trí dành cho người đi bộ băng qua đường an toàn. Tuy nhiên, theo luật giao thông, người lái xe cũng cần giảm tốc độ, quan sát và ưu tiên nhường đường cho người đi bộ. Do đó, đáp án  là chính xác nhất."
testa_0030,D,"Chữ cái đáp án: 
Lý do giải thích: 
Trong ngữ cảnh được mô tả, có một biển báo chỉ dẫn chữ ""Suối Tre"" ở cuối đoạn đường. Điều này cho thấy rằng nếu muốn đến Suối Tre, bạn cần đi thêm 300m nữa rồi mới rẽ trái. o đó, đáp án chính xác là  - ""Đi 300m nữa rẽ trái."""
testa_0031,A,"Rule: Longest option | Luật: [Điều 57. Tường bảo vệ] theo các quy định về bố trí tiêu phản quang và vạch kẻ đường (vạch đứng) quy định trong Quy chuẩn này; 57.2. Tường bảo vệ dày tối thiểu từ 0,2m - 0,3m | [Điều 29. Kích thước, hình dạng và màu sắc của biển báo nguy hiểm] Điều 29. Kích thước, hình dạng và màu sắc của biển báo nguy hiểm 29.1. Biển báo nguy hiểm hoặc cảnh báo chủ yếu có hình tam giác đều, ba đỉnh lượn trò"
testa_0032,C,". . Biển báo hiệu lệnh Đường dành riêng cho từng loại phương tiện theo từng làn đường được phân chia

Lý do giải thích:
Theo ngữ cảnh và luật giao thông liên quan, biển báo màu xanh bên phải đường có thể được hiểu là biển báo hiệu lệnh đường dành riêng cho từng loại phương tiện theo từng làn đường được phân chia. Đây là một trong những quy định về kích thước, hình dạng và màu sắc của biển báo nguy hiểm như đã nêu trong luật giao thông. ác biển báo này thường được sử dụng để phân chia làn đường c..."
